{"languages":{"ruby":{"displayName":"Ruby","files":["bin/sidekiq","bin/sidekiqload","lib/generators/sidekiq/job_generator.rb","examples/por.rb","myapp/config/boot.rb","myapp/config/application.rb","myapp/config/routes.rb","lib/sidekiq/client.rb","lib/sidekiq.rb","bin/sidekiqmon","lib/sidekiq/job_logger.rb","lib/sidekiq/systemd.rb","lib/sidekiq/delay.rb","myapp/config/environments/development.rb","lib/sidekiq/version.rb","lib/sidekiq/processor.rb","myapp/bin/rails","lib/sidekiq/scheduled.rb","myapp/bin/bundle","myapp/config/environment.rb","myapp/config/environments/test.rb","myapp/script/rails","myapp/app/helpers/application_helper.rb","myapp/db/seeds.rb","myapp/app/models/post.rb","lib/sidekiq/worker.rb","myapp/bin/setup","lib/sidekiq/job.rb","myapp/config/initializers/assets.rb","myapp/config/environments/production.rb","myapp/app/models/exiter.rb","myapp/db/schema.rb","myapp/config/initializers/session_store.rb","myapp/config/initializers/cookies_serializer.rb","myapp/config/initializers/wrap_parameters.rb","myapp/config/initializers/sidekiq.rb","myapp/config/initializers/secret_token.rb","myapp/db/migrate/20120123214055_create_posts.rb","myapp/app/jobs/some_job.rb","myapp/config/initializers/backtrace_silencers.rb","myapp/app/jobs/exit_job.rb","myapp/app/jobs/application_job.rb","myapp/app/mailers/user_mailer.rb","myapp/app/controllers/application_controller.rb","myapp/config/initializers/filter_parameter_logging.rb","myapp/config/initializers/mime_types.rb","myapp/app/workers/exit_worker.rb","myapp/app/workers/lazy_worker.rb","myapp/app/controllers/work_controller.rb","myapp/app/workers/hard_worker.rb","myapp/config/initializers/inflections.rb","lib/sidekiq/monitor.rb","lib/sidekiq/util.rb","lib/sidekiq/redis_connection.rb","lib/sidekiq/sd_notify.rb","lib/sidekiq/fetch.rb","lib/sidekiq/paginator.rb","lib/sidekiq/exception_handler.rb","lib/sidekiq/rails.rb","lib/sidekiq/job_util.rb","lib/sidekiq/web.rb","lib/sidekiq/launcher.rb","lib/sidekiq/job_retry.rb","lib/sidekiq/testing.rb","lib/sidekiq/manager.rb","lib/sidekiq/cli.rb","lib/sidekiq/testing/inline.rb","lib/sidekiq/logger.rb","lib/sidekiq/api.rb","lib/sidekiq/middleware/current_attributes.rb","lib/sidekiq/middleware/i18n.rb","lib/sidekiq/middleware/chain.rb","lib/sidekiq/extensions/generic_proxy.rb","lib/sidekiq/extensions/active_record.rb","lib/sidekiq/extensions/action_mailer.rb","lib/sidekiq/extensions/class_methods.rb","lib/sidekiq/web/router.rb","lib/sidekiq/web/action.rb","lib/sidekiq/web/csrf_protection.rb","lib/sidekiq/web/helpers.rb","lib/sidekiq/web/application.rb","test/test_job_generator.rb","test/test_sidekiq.rb","test/test_web_helpers.rb","test/test_current_attributes.rb","test/test_job.rb","test/test_launcher.rb","test/test_csrf.rb","test/test_testing.rb","test/test_fetch.rb","test/test_scheduled.rb","test/test_testing_fake.rb","test/test_cli.rb","test/test_sidekiqmon.rb","test/test_retry_exhausted.rb","test/test_util.rb","test/test_manager.rb","test/test_client.rb","test/test_retry.rb","test/test_exception_handler.rb","test/test_extensions.rb","test/test_worker.rb","test/fake_env.rb","test/test_scheduling.rb","test/helper.rb","test/test_systemd.rb","test/test_actors.rb","test/test_logger.rb","test/test_testing_inline.rb","test/test_processor.rb","test/test_middleware.rb","test/test_web.rb","test/test_api.rb","test/test_job_logger.rb","test/test_redis_connection.rb","test/test_dead_set.rb","test/test_rails.rb","test/dummy/config/environment.rb","test/dummy/config/application.rb"],"linesOfCode":10273,"name":"ruby"},"javascript":{"displayName":"JavaScript/TypeScript","files":["myapp/app/assets/config/manifest.js"],"linesOfCode":0,"name":"javascript"}}}